Name	Abbr	AA	Molecular_Weight	Molecular_Formula	Residue_Formula	Residue_Weight..H2O.	pKa	pKb	pKx	pl	Monoisotopic_Mass	Average_Mass	Hydropathy	Charge	frequency_in_proteins
Alanine	Ala	A	89.1	C3H7NO2	C3H5NO	71.08	2.34	9.69	NA	6	71.03711	71.08	hydrophobic	uncharged	8.7
Arginine	Arg	R	174.2	C6H14N4O2	C6H12N4O	156.19	2.17	9.04	12.48	10.76	156.10111	156.2	hydrophilic	positive	6.2
Asparagine	Asn	N	132.12	C4H8N2O3	C4H6N2O2	114.11	2.02	8.8	NA	5.41	114.04293	114.1	hydrophilic	uncharged	3.9
Aspartic acid	Asp	D	133.11	C4H7NO4	C4H5NO3	115.09	1.88	9.6	3.65	2.77	115.02694	115.1	hydrophilic	negative	5.1
Cysteine	Cys	C	121.16	C3H7NO2S	C3H5NOS	103.15	1.96	10.28	8.18	5.07	103.00919	103.1	hydrophobic	uncharged	1.5
Glutamic acid	Glu	E	147.13	C5H9NO4	C5H7NO3	129.12	2.19	9.67	4.25	3.22	129.04259	129.1	hydrophilic	negative	6.2
Glutamine	Gln	Q	146.15	C5H10N2O3	C5H8N2O2	128.13	2.17	9.13	NA	5.65	128.05858	128.1	hydrophilic	uncharged	3.9
Glycine	Gly	G	75.07	C2H5NO2	C2H3NO	57.05	2.34	9.6	NA	5.97	57.02146	57.05	neutral	uncharged	6.8
Histidine	His	H	155.16	C6H9N3O2	C6H7N3O	137.14	1.82	9.17	6	7.59	137.05891	137.1	neutral	positive	2.2
Isoleucine	Ile	I	131.18	C6H13NO2	C6H11NO	113.16	2.36	9.6	NA	6.02	113.08406	113.2	hydrophobic	uncharged	5.7
Leucine	Leu	L	131.18	C6H13NO2	C6H11NO	113.16	2.36	9.6	NA	5.98	113.08406	113.2	hydrophobic	uncharged	9.8
Lysine	Lys	K	146.19	C6H14N2O2	C6H12N2O	128.18	2.18	8.95	10.53	9.74	128.09496	128.2	hydrophilic	positive	5.3
Methionine	Met	M	149.21	C5H11NO2S	C5H9NOS	131.2	2.28	9.21	NA	5.74	131.04049	131.2	hydrophobic	uncharged	2.4
Phenylalanine	Phe	F	165.19	C9H11NO2	C9H9NO	147.18	1.83	9.13	NA	5.48	147.06841	147.2	hydrophobic	uncharged	4.0
Proline	Pro	P	115.13	C5H9NO2	C5H7NO	97.12	1.99	10.6	NA	6.3	97.05276	97.12	neutral	uncharged	5.0
Serine	Ser	S	105.09	C3H7NO3	C3H5NO2	87.08	2.21	9.15	NA	5.68	87.03203	87.08	neutral	uncharged	7.0
Threonine	Thr	T	119.12	C4H9NO3	C4H7NO2	101.11	2.09	9.1	NA	5.6	101.04768	101.1	neutral	uncharged	5.3
Tryptophan	Trp	W	204.23	C11H12N2O2	C11H10N2O	186.22	2.83	9.39	NA	5.89	186.07931	186.2	neutral	uncharged	1.3
Tyrosine	Tyr	Y	181.19	C9H11NO3	C9H9NO2	163.18	2.2	9.11	10.07	5.66	163.06333	163.2	neutral	uncharged	2.9
Valine	Val	V	117.15	C5H11NO2	C5H9NO	99.13	2.32	9.62	NA	5.96	99.06841	99.13	hydrophobic	uncharged	6.5
